config,elapsed_sec,macro_accuracy,macro_f1,macro_precision,macro_recall,num_places,objective,params,raw_result_json,returncode,stderr_path,stdout_path,trial_index,trial_name,valid
"{'embed': {'model_name': 'dinov2_vits14', 'img_size': 560, 'global_mode': 'patch_mean'}, 'repr': {'repr_mode': 'global_patch_with_aligned'}, 'patchcore': {'top_p': 0.03, 'preselect_m': 3, 'radius': 1, 'alpha': 0.5, 'min_cut': 0.15, 'singleton_weight': 0.1, 'component_min_area': 2}, 'calib': {'k': 3, 'method': 'robust', 'gaussian_k': 2.5, 'robust_k': 1.5, 'percentile': 97}, 'infer': {'event_rule': 'median', 'use_two_stage_vlm': False}, 'superglue': {'resize_long_side': 640, 'weights': 'indoor', 'max_keypoints': 1024, 'keypoint_threshold': 0.003, 'match_threshold': 0.2, 'sinkhorn_iterations': 20, 'min_matches': 10, 'min_inliers': 15, 'min_inlier_ratio': 0.2, 'max_reproj_error': 5.0, 'valid_patch_thr': 1.0, 'mask_erode_kernel': 3, 'mask_erode_iter': 1}}",826.473,0.7511289715606687,0.7900085729872964,0.6817384370015949,0.9547297297297297,4,"[0.7900085729872964, 0.7511289715606687, 0.6817384370015949, 0.9547297297297297]","{'patchcore.top_p': 0.03, 'patchcore.alpha': 0.5, 'calib.robust_k': 1.5, 'patchcore.min_cut': 0.15, 'patchcore.singleton_weight': 0.1}","['/home/choisuhyun/scene_ad_for_patrol_robot/sentrynexcontrol/vision_server/tune_runs/stage1_coarse/0001__calib_robust_k=1.5__patchcore_alpha=0.5__patchcore_min_cut=0.15__patchcore_singleton_weight=0.1__patchcore_top_p=0.03/00/offline_eval_results.json', '/home/choisuhyun/scene_ad_for_patrol_robot/sentrynexcontrol/vision_server/tune_runs/stage1_coarse/0001__calib_robust_k=1.5__patchcore_alpha=0.5__patchcore_min_cut=0.15__patchcore_singleton_weight=0.1__patchcore_top_p=0.03/06/offline_eval_results.json', '/home/choisuhyun/scene_ad_for_patrol_robot/sentrynexcontrol/vision_server/tune_runs/stage1_coarse/0001__calib_robust_k=1.5__patchcore_alpha=0.5__patchcore_min_cut=0.15__patchcore_singleton_weight=0.1__patchcore_top_p=0.03/07/offline_eval_results.json', '/home/choisuhyun/scene_ad_for_patrol_robot/sentrynexcontrol/vision_server/tune_runs/stage1_coarse/0001__calib_robust_k=1.5__patchcore_alpha=0.5__patchcore_min_cut=0.15__patchcore_singleton_weight=0.1__patchcore_top_p=0.03/08/offline_eval_results.json']",0,/home/choisuhyun/scene_ad_for_patrol_robot/sentrynexcontrol/vision_server/tune_runs/stage1_coarse/0001__calib_robust_k=1.5__patchcore_alpha=0.5__patchcore_min_cut=0.15__patchcore_singleton_weight=0.1__patchcore_top_p=0.03/stderr.txt,/home/choisuhyun/scene_ad_for_patrol_robot/sentrynexcontrol/vision_server/tune_runs/stage1_coarse/0001__calib_robust_k=1.5__patchcore_alpha=0.5__patchcore_min_cut=0.15__patchcore_singleton_weight=0.1__patchcore_top_p=0.03/stdout.txt,1,0001__calib_robust_k=1.5__patchcore_alpha=0.5__patchcore_min_cut=0.15__patchcore_singleton_weight=0.1__patchcore_top_p=0.03,True
"{'embed': {'model_name': 'dinov2_vits14', 'img_size': 560, 'global_mode': 'patch_mean'}, 'repr': {'repr_mode': 'global_patch_with_aligned'}, 'patchcore': {'top_p': 0.03, 'preselect_m': 3, 'radius': 1, 'alpha': 0.5, 'min_cut': 0.15, 'singleton_weight': 0.25, 'component_min_area': 2}, 'calib': {'k': 3, 'method': 'robust', 'gaussian_k': 2.5, 'robust_k': 1.5, 'percentile': 97}, 'infer': {'event_rule': 'median', 'use_two_stage_vlm': False}, 'superglue': {'resize_long_side': 640, 'weights': 'indoor', 'max_keypoints': 1024, 'keypoint_threshold': 0.003, 'match_threshold': 0.2, 'sinkhorn_iterations': 20, 'min_matches': 10, 'min_inliers': 15, 'min_inlier_ratio': 0.2, 'max_reproj_error': 5.0, 'valid_patch_thr': 1.0, 'mask_erode_kernel': 3, 'mask_erode_iter': 1}}",808.885,0.7511289715606687,0.7900085729872964,0.6817384370015949,0.9547297297297297,4,"[0.7900085729872964, 0.7511289715606687, 0.6817384370015949, 0.9547297297297297]","{'patchcore.top_p': 0.03, 'patchcore.alpha': 0.5, 'calib.robust_k': 1.5, 'patchcore.min_cut': 0.15, 'patchcore.singleton_weight': 0.25}","['/home/choisuhyun/scene_ad_for_patrol_robot/sentrynexcontrol/vision_server/tune_runs/stage1_coarse/0002__calib_robust_k=1.5__patchcore_alpha=0.5__patchcore_min_cut=0.15__patchcore_singleton_weight=0.25__patchcore_top_p=0.03/00/offline_eval_results.json', '/home/choisuhyun/scene_ad_for_patrol_robot/sentrynexcontrol/vision_server/tune_runs/stage1_coarse/0002__calib_robust_k=1.5__patchcore_alpha=0.5__patchcore_min_cut=0.15__patchcore_singleton_weight=0.25__patchcore_top_p=0.03/06/offline_eval_results.json', '/home/choisuhyun/scene_ad_for_patrol_robot/sentrynexcontrol/vision_server/tune_runs/stage1_coarse/0002__calib_robust_k=1.5__patchcore_alpha=0.5__patchcore_min_cut=0.15__patchcore_singleton_weight=0.25__patchcore_top_p=0.03/07/offline_eval_results.json', '/home/choisuhyun/scene_ad_for_patrol_robot/sentrynexcontrol/vision_server/tune_runs/stage1_coarse/0002__calib_robust_k=1.5__patchcore_alpha=0.5__patchcore_min_cut=0.15__patchcore_singleton_weight=0.25__patchcore_top_p=0.03/08/offline_eval_results.json']",0,/home/choisuhyun/scene_ad_for_patrol_robot/sentrynexcontrol/vision_server/tune_runs/stage1_coarse/0002__calib_robust_k=1.5__patchcore_alpha=0.5__patchcore_min_cut=0.15__patchcore_singleton_weight=0.25__patchcore_top_p=0.03/stderr.txt,/home/choisuhyun/scene_ad_for_patrol_robot/sentrynexcontrol/vision_server/tune_runs/stage1_coarse/0002__calib_robust_k=1.5__patchcore_alpha=0.5__patchcore_min_cut=0.15__patchcore_singleton_weight=0.25__patchcore_top_p=0.03/stdout.txt,2,0002__calib_robust_k=1.5__patchcore_alpha=0.5__patchcore_min_cut=0.15__patchcore_singleton_weight=0.25__patchcore_top_p=0.03,True
"{'embed': {'model_name': 'dinov2_vits14', 'img_size': 560, 'global_mode': 'patch_mean'}, 'repr': {'repr_mode': 'global_patch_with_aligned'}, 'patchcore': {'top_p': 0.03, 'preselect_m': 3, 'radius': 1, 'alpha': 0.5, 'min_cut': 0.2, 'singleton_weight': 0.1, 'component_min_area': 2}, 'calib': {'k': 3, 'method': 'robust', 'gaussian_k': 2.5, 'robust_k': 1.5, 'percentile': 97}, 'infer': {'event_rule': 'median', 'use_two_stage_vlm': False}, 'superglue': {'resize_long_side': 640, 'weights': 'indoor', 'max_keypoints': 1024, 'keypoint_threshold': 0.003, 'match_threshold': 0.2, 'sinkhorn_iterations': 20, 'min_matches': 10, 'min_inliers': 15, 'min_inlier_ratio': 0.2, 'max_reproj_error': 5.0, 'valid_patch_thr': 1.0, 'mask_erode_kernel': 3, 'mask_erode_iter': 1}}",810.651,0.8096137304445997,0.8303174603174602,0.7435706358014904,0.9547297297297297,4,"[0.8303174603174602, 0.8096137304445997, 0.7435706358014904, 0.9547297297297297]","{'patchcore.top_p': 0.03, 'patchcore.alpha': 0.5, 'calib.robust_k': 1.5, 'patchcore.min_cut': 0.2, 'patchcore.singleton_weight': 0.1}","['/home/choisuhyun/scene_ad_for_patrol_robot/sentrynexcontrol/vision_server/tune_runs/stage1_coarse/0003__calib_robust_k=1.5__patchcore_alpha=0.5__patchcore_min_cut=0.2__patchcore_singleton_weight=0.1__patchcore_top_p=0.03/00/offline_eval_results.json', '/home/choisuhyun/scene_ad_for_patrol_robot/sentrynexcontrol/vision_server/tune_runs/stage1_coarse/0003__calib_robust_k=1.5__patchcore_alpha=0.5__patchcore_min_cut=0.2__patchcore_singleton_weight=0.1__patchcore_top_p=0.03/06/offline_eval_results.json', '/home/choisuhyun/scene_ad_for_patrol_robot/sentrynexcontrol/vision_server/tune_runs/stage1_coarse/0003__calib_robust_k=1.5__patchcore_alpha=0.5__patchcore_min_cut=0.2__patchcore_singleton_weight=0.1__patchcore_top_p=0.03/07/offline_eval_results.json', '/home/choisuhyun/scene_ad_for_patrol_robot/sentrynexcontrol/vision_server/tune_runs/stage1_coarse/0003__calib_robust_k=1.5__patchcore_alpha=0.5__patchcore_min_cut=0.2__patchcore_singleton_weight=0.1__patchcore_top_p=0.03/08/offline_eval_results.json']",0,/home/choisuhyun/scene_ad_for_patrol_robot/sentrynexcontrol/vision_server/tune_runs/stage1_coarse/0003__calib_robust_k=1.5__patchcore_alpha=0.5__patchcore_min_cut=0.2__patchcore_singleton_weight=0.1__patchcore_top_p=0.03/stderr.txt,/home/choisuhyun/scene_ad_for_patrol_robot/sentrynexcontrol/vision_server/tune_runs/stage1_coarse/0003__calib_robust_k=1.5__patchcore_alpha=0.5__patchcore_min_cut=0.2__patchcore_singleton_weight=0.1__patchcore_top_p=0.03/stdout.txt,3,0003__calib_robust_k=1.5__patchcore_alpha=0.5__patchcore_min_cut=0.2__patchcore_singleton_weight=0.1__patchcore_top_p=0.03,True
"{'embed': {'model_name': 'dinov2_vits14', 'img_size': 560, 'global_mode': 'patch_mean'}, 'repr': {'repr_mode': 'global_patch_with_aligned'}, 'patchcore': {'top_p': 0.03, 'preselect_m': 3, 'radius': 1, 'alpha': 0.5, 'min_cut': 0.2, 'singleton_weight': 0.25, 'component_min_area': 2}, 'calib': {'k': 3, 'method': 'robust', 'gaussian_k': 2.5, 'robust_k': 1.5, 'percentile': 97}, 'infer': {'event_rule': 'median', 'use_two_stage_vlm': False}, 'superglue': {'resize_long_side': 640, 'weights': 'indoor', 'max_keypoints': 1024, 'keypoint_threshold': 0.003, 'match_threshold': 0.2, 'sinkhorn_iterations': 20, 'min_matches': 10, 'min_inliers': 15, 'min_inlier_ratio': 0.2, 'max_reproj_error': 5.0, 'valid_patch_thr': 1.0, 'mask_erode_kernel': 3, 'mask_erode_iter': 1}}",808.946,0.8096137304445997,0.8303174603174602,0.7435706358014904,0.9547297297297297,4,"[0.8303174603174602, 0.8096137304445997, 0.7435706358014904, 0.9547297297297297]","{'patchcore.top_p': 0.03, 'patchcore.alpha': 0.5, 'calib.robust_k': 1.5, 'patchcore.min_cut': 0.2, 'patchcore.singleton_weight': 0.25}","['/home/choisuhyun/scene_ad_for_patrol_robot/sentrynexcontrol/vision_server/tune_runs/stage1_coarse/0004__calib_robust_k=1.5__patchcore_alpha=0.5__patchcore_min_cut=0.2__patchcore_singleton_weight=0.25__patchcore_top_p=0.03/00/offline_eval_results.json', '/home/choisuhyun/scene_ad_for_patrol_robot/sentrynexcontrol/vision_server/tune_runs/stage1_coarse/0004__calib_robust_k=1.5__patchcore_alpha=0.5__patchcore_min_cut=0.2__patchcore_singleton_weight=0.25__patchcore_top_p=0.03/06/offline_eval_results.json', '/home/choisuhyun/scene_ad_for_patrol_robot/sentrynexcontrol/vision_server/tune_runs/stage1_coarse/0004__calib_robust_k=1.5__patchcore_alpha=0.5__patchcore_min_cut=0.2__patchcore_singleton_weight=0.25__patchcore_top_p=0.03/07/offline_eval_results.json', '/home/choisuhyun/scene_ad_for_patrol_robot/sentrynexcontrol/vision_server/tune_runs/stage1_coarse/0004__calib_robust_k=1.5__patchcore_alpha=0.5__patchcore_min_cut=0.2__patchcore_singleton_weight=0.25__patchcore_top_p=0.03/08/offline_eval_results.json']",0,/home/choisuhyun/scene_ad_for_patrol_robot/sentrynexcontrol/vision_server/tune_runs/stage1_coarse/0004__calib_robust_k=1.5__patchcore_alpha=0.5__patchcore_min_cut=0.2__patchcore_singleton_weight=0.25__patchcore_top_p=0.03/stderr.txt,/home/choisuhyun/scene_ad_for_patrol_robot/sentrynexcontrol/vision_server/tune_runs/stage1_coarse/0004__calib_robust_k=1.5__patchcore_alpha=0.5__patchcore_min_cut=0.2__patchcore_singleton_weight=0.25__patchcore_top_p=0.03/stdout.txt,4,0004__calib_robust_k=1.5__patchcore_alpha=0.5__patchcore_min_cut=0.2__patchcore_singleton_weight=0.25__patchcore_top_p=0.03,True
"{'embed': {'model_name': 'dinov2_vits14', 'img_size': 560, 'global_mode': 'patch_mean'}, 'repr': {'repr_mode': 'global_patch_with_aligned'}, 'patchcore': {'top_p': 0.03, 'preselect_m': 3, 'radius': 1, 'alpha': 0.5, 'min_cut': 0.25, 'singleton_weight': 0.1, 'component_min_area': 2}, 'calib': {'k': 3, 'method': 'robust', 'gaussian_k': 2.5, 'robust_k': 1.5, 'percentile': 97}, 'infer': {'event_rule': 'median', 'use_two_stage_vlm': False}, 'superglue': {'resize_long_side': 640, 'weights': 'indoor', 'max_keypoints': 1024, 'keypoint_threshold': 0.003, 'match_threshold': 0.2, 'sinkhorn_iterations': 20, 'min_matches': 10, 'min_inliers': 15, 'min_inlier_ratio': 0.2, 'max_reproj_error': 5.0, 'valid_patch_thr': 1.0, 'mask_erode_kernel': 3, 'mask_erode_iter': 1}}",808.711,0.8832858448470513,0.8865113871635611,0.8314463019250253,0.9547297297297297,4,"[0.8865113871635611, 0.8832858448470513, 0.8314463019250253, 0.9547297297297297]","{'patchcore.top_p': 0.03, 'patchcore.alpha': 0.5, 'calib.robust_k': 1.5, 'patchcore.min_cut': 0.25, 'patchcore.singleton_weight': 0.1}","['/home/choisuhyun/scene_ad_for_patrol_robot/sentrynexcontrol/vision_server/tune_runs/stage1_coarse/0005__calib_robust_k=1.5__patchcore_alpha=0.5__patchcore_min_cut=0.25__patchcore_singleton_weight=0.1__patchcore_top_p=0.03/00/offline_eval_results.json', '/home/choisuhyun/scene_ad_for_patrol_robot/sentrynexcontrol/vision_server/tune_runs/stage1_coarse/0005__calib_robust_k=1.5__patchcore_alpha=0.5__patchcore_min_cut=0.25__patchcore_singleton_weight=0.1__patchcore_top_p=0.03/06/offline_eval_results.json', '/home/choisuhyun/scene_ad_for_patrol_robot/sentrynexcontrol/vision_server/tune_runs/stage1_coarse/0005__calib_robust_k=1.5__patchcore_alpha=0.5__patchcore_min_cut=0.25__patchcore_singleton_weight=0.1__patchcore_top_p=0.03/07/offline_eval_results.json', '/home/choisuhyun/scene_ad_for_patrol_robot/sentrynexcontrol/vision_server/tune_runs/stage1_coarse/0005__calib_robust_k=1.5__patchcore_alpha=0.5__patchcore_min_cut=0.25__patchcore_singleton_weight=0.1__patchcore_top_p=0.03/08/offline_eval_results.json']",0,/home/choisuhyun/scene_ad_for_patrol_robot/sentrynexcontrol/vision_server/tune_runs/stage1_coarse/0005__calib_robust_k=1.5__patchcore_alpha=0.5__patchcore_min_cut=0.25__patchcore_singleton_weight=0.1__patchcore_top_p=0.03/stderr.txt,/home/choisuhyun/scene_ad_for_patrol_robot/sentrynexcontrol/vision_server/tune_runs/stage1_coarse/0005__calib_robust_k=1.5__patchcore_alpha=0.5__patchcore_min_cut=0.25__patchcore_singleton_weight=0.1__patchcore_top_p=0.03/stdout.txt,5,0005__calib_robust_k=1.5__patchcore_alpha=0.5__patchcore_min_cut=0.25__patchcore_singleton_weight=0.1__patchcore_top_p=0.03,True
"{'embed': {'model_name': 'dinov2_vits14', 'img_size': 560, 'global_mode': 'patch_mean'}, 'repr': {'repr_mode': 'global_patch_with_aligned'}, 'patchcore': {'top_p': 0.03, 'preselect_m': 3, 'radius': 1, 'alpha': 0.5, 'min_cut': 0.25, 'singleton_weight': 0.25, 'component_min_area': 2}, 'calib': {'k': 3, 'method': 'robust', 'gaussian_k': 2.5, 'robust_k': 1.5, 'percentile': 97}, 'infer': {'event_rule': 'median', 'use_two_stage_vlm': False}, 'superglue': {'resize_long_side': 640, 'weights': 'indoor', 'max_keypoints': 1024, 'keypoint_threshold': 0.003, 'match_threshold': 0.2, 'sinkhorn_iterations': 20, 'min_matches': 10, 'min_inliers': 15, 'min_inlier_ratio': 0.2, 'max_reproj_error': 5.0, 'valid_patch_thr': 1.0, 'mask_erode_kernel': 3, 'mask_erode_iter': 1}}",810.686,0.8832858448470513,0.8865113871635611,0.8314463019250253,0.9547297297297297,4,"[0.8865113871635611, 0.8832858448470513, 0.8314463019250253, 0.9547297297297297]","{'patchcore.top_p': 0.03, 'patchcore.alpha': 0.5, 'calib.robust_k': 1.5, 'patchcore.min_cut': 0.25, 'patchcore.singleton_weight': 0.25}","['/home/choisuhyun/scene_ad_for_patrol_robot/sentrynexcontrol/vision_server/tune_runs/stage1_coarse/0006__calib_robust_k=1.5__patchcore_alpha=0.5__patchcore_min_cut=0.25__patchcore_singleton_weight=0.25__patchcore_top_p=0.03/00/offline_eval_results.json', '/home/choisuhyun/scene_ad_for_patrol_robot/sentrynexcontrol/vision_server/tune_runs/stage1_coarse/0006__calib_robust_k=1.5__patchcore_alpha=0.5__patchcore_min_cut=0.25__patchcore_singleton_weight=0.25__patchcore_top_p=0.03/06/offline_eval_results.json', '/home/choisuhyun/scene_ad_for_patrol_robot/sentrynexcontrol/vision_server/tune_runs/stage1_coarse/0006__calib_robust_k=1.5__patchcore_alpha=0.5__patchcore_min_cut=0.25__patchcore_singleton_weight=0.25__patchcore_top_p=0.03/07/offline_eval_results.json', '/home/choisuhyun/scene_ad_for_patrol_robot/sentrynexcontrol/vision_server/tune_runs/stage1_coarse/0006__calib_robust_k=1.5__patchcore_alpha=0.5__patchcore_min_cut=0.25__patchcore_singleton_weight=0.25__patchcore_top_p=0.03/08/offline_eval_results.json']",0,/home/choisuhyun/scene_ad_for_patrol_robot/sentrynexcontrol/vision_server/tune_runs/stage1_coarse/0006__calib_robust_k=1.5__patchcore_alpha=0.5__patchcore_min_cut=0.25__patchcore_singleton_weight=0.25__patchcore_top_p=0.03/stderr.txt,/home/choisuhyun/scene_ad_for_patrol_robot/sentrynexcontrol/vision_server/tune_runs/stage1_coarse/0006__calib_robust_k=1.5__patchcore_alpha=0.5__patchcore_min_cut=0.25__patchcore_singleton_weight=0.25__patchcore_top_p=0.03/stdout.txt,6,0006__calib_robust_k=1.5__patchcore_alpha=0.5__patchcore_min_cut=0.25__patchcore_singleton_weight=0.25__patchcore_top_p=0.03,True
"{'embed': {'model_name': 'dinov2_vits14', 'img_size': 560, 'global_mode': 'patch_mean'}, 'repr': {'repr_mode': 'global_patch_with_aligned'}, 'patchcore': {'top_p': 0.03, 'preselect_m': 3, 'radius': 1, 'alpha': 0.5, 'min_cut': 0.15, 'singleton_weight': 0.1, 'component_min_area': 2}, 'calib': {'k': 3, 'method': 'robust', 'gaussian_k': 2.5, 'robust_k': 2.0, 'percentile': 97}, 'infer': {'event_rule': 'median', 'use_two_stage_vlm': False}, 'superglue': {'resize_long_side': 640, 'weights': 'indoor', 'max_keypoints': 1024, 'keypoint_threshold': 0.003, 'match_threshold': 0.2, 'sinkhorn_iterations': 20, 'min_matches': 10, 'min_inliers': 15, 'min_inlier_ratio': 0.2, 'max_reproj_error': 5.0, 'valid_patch_thr': 1.0, 'mask_erode_kernel': 3, 'mask_erode_iter': 1}}",810.92,0.7511289715606687,0.7900085729872964,0.6817384370015949,0.9547297297297297,4,"[0.7900085729872964, 0.7511289715606687, 0.6817384370015949, 0.9547297297297297]","{'patchcore.top_p': 0.03, 'patchcore.alpha': 0.5, 'calib.robust_k': 2.0, 'patchcore.min_cut': 0.15, 'patchcore.singleton_weight': 0.1}","['/home/choisuhyun/scene_ad_for_patrol_robot/sentrynexcontrol/vision_server/tune_runs/stage1_coarse/0007__calib_robust_k=2.0__patchcore_alpha=0.5__patchcore_min_cut=0.15__patchcore_singleton_weight=0.1__patchcore_top_p=0.03/00/offline_eval_results.json', '/home/choisuhyun/scene_ad_for_patrol_robot/sentrynexcontrol/vision_server/tune_runs/stage1_coarse/0007__calib_robust_k=2.0__patchcore_alpha=0.5__patchcore_min_cut=0.15__patchcore_singleton_weight=0.1__patchcore_top_p=0.03/06/offline_eval_results.json', '/home/choisuhyun/scene_ad_for_patrol_robot/sentrynexcontrol/vision_server/tune_runs/stage1_coarse/0007__calib_robust_k=2.0__patchcore_alpha=0.5__patchcore_min_cut=0.15__patchcore_singleton_weight=0.1__patchcore_top_p=0.03/07/offline_eval_results.json', '/home/choisuhyun/scene_ad_for_patrol_robot/sentrynexcontrol/vision_server/tune_runs/stage1_coarse/0007__calib_robust_k=2.0__patchcore_alpha=0.5__patchcore_min_cut=0.15__patchcore_singleton_weight=0.1__patchcore_top_p=0.03/08/offline_eval_results.json']",0,/home/choisuhyun/scene_ad_for_patrol_robot/sentrynexcontrol/vision_server/tune_runs/stage1_coarse/0007__calib_robust_k=2.0__patchcore_alpha=0.5__patchcore_min_cut=0.15__patchcore_singleton_weight=0.1__patchcore_top_p=0.03/stderr.txt,/home/choisuhyun/scene_ad_for_patrol_robot/sentrynexcontrol/vision_server/tune_runs/stage1_coarse/0007__calib_robust_k=2.0__patchcore_alpha=0.5__patchcore_min_cut=0.15__patchcore_singleton_weight=0.1__patchcore_top_p=0.03/stdout.txt,7,0007__calib_robust_k=2.0__patchcore_alpha=0.5__patchcore_min_cut=0.15__patchcore_singleton_weight=0.1__patchcore_top_p=0.03,True
"{'embed': {'model_name': 'dinov2_vits14', 'img_size': 560, 'global_mode': 'patch_mean'}, 'repr': {'repr_mode': 'global_patch_with_aligned'}, 'patchcore': {'top_p': 0.03, 'preselect_m': 3, 'radius': 1, 'alpha': 0.5, 'min_cut': 0.15, 'singleton_weight': 0.25, 'component_min_area': 2}, 'calib': {'k': 3, 'method': 'robust', 'gaussian_k': 2.5, 'robust_k': 2.0, 'percentile': 97}, 'infer': {'event_rule': 'median', 'use_two_stage_vlm': False}, 'superglue': {'resize_long_side': 640, 'weights': 'indoor', 'max_keypoints': 1024, 'keypoint_threshold': 0.003, 'match_threshold': 0.2, 'sinkhorn_iterations': 20, 'min_matches': 10, 'min_inliers': 15, 'min_inlier_ratio': 0.2, 'max_reproj_error': 5.0, 'valid_patch_thr': 1.0, 'mask_erode_kernel': 3, 'mask_erode_iter': 1}}",811.587,0.7511289715606687,0.7900085729872964,0.6817384370015949,0.9547297297297297,4,"[0.7900085729872964, 0.7511289715606687, 0.6817384370015949, 0.9547297297297297]","{'patchcore.top_p': 0.03, 'patchcore.alpha': 0.5, 'calib.robust_k': 2.0, 'patchcore.min_cut': 0.15, 'patchcore.singleton_weight': 0.25}","['/home/choisuhyun/scene_ad_for_patrol_robot/sentrynexcontrol/vision_server/tune_runs/stage1_coarse/0008__calib_robust_k=2.0__patchcore_alpha=0.5__patchcore_min_cut=0.15__patchcore_singleton_weight=0.25__patchcore_top_p=0.03/00/offline_eval_results.json', '/home/choisuhyun/scene_ad_for_patrol_robot/sentrynexcontrol/vision_server/tune_runs/stage1_coarse/0008__calib_robust_k=2.0__patchcore_alpha=0.5__patchcore_min_cut=0.15__patchcore_singleton_weight=0.25__patchcore_top_p=0.03/06/offline_eval_results.json', '/home/choisuhyun/scene_ad_for_patrol_robot/sentrynexcontrol/vision_server/tune_runs/stage1_coarse/0008__calib_robust_k=2.0__patchcore_alpha=0.5__patchcore_min_cut=0.15__patchcore_singleton_weight=0.25__patchcore_top_p=0.03/07/offline_eval_results.json', '/home/choisuhyun/scene_ad_for_patrol_robot/sentrynexcontrol/vision_server/tune_runs/stage1_coarse/0008__calib_robust_k=2.0__patchcore_alpha=0.5__patchcore_min_cut=0.15__patchcore_singleton_weight=0.25__patchcore_top_p=0.03/08/offline_eval_results.json']",0,/home/choisuhyun/scene_ad_for_patrol_robot/sentrynexcontrol/vision_server/tune_runs/stage1_coarse/0008__calib_robust_k=2.0__patchcore_alpha=0.5__patchcore_min_cut=0.15__patchcore_singleton_weight=0.25__patchcore_top_p=0.03/stderr.txt,/home/choisuhyun/scene_ad_for_patrol_robot/sentrynexcontrol/vision_server/tune_runs/stage1_coarse/0008__calib_robust_k=2.0__patchcore_alpha=0.5__patchcore_min_cut=0.15__patchcore_singleton_weight=0.25__patchcore_top_p=0.03/stdout.txt,8,0008__calib_robust_k=2.0__patchcore_alpha=0.5__patchcore_min_cut=0.15__patchcore_singleton_weight=0.25__patchcore_top_p=0.03,True
"{'embed': {'model_name': 'dinov2_vits14', 'img_size': 560, 'global_mode': 'patch_mean'}, 'repr': {'repr_mode': 'global_patch_with_aligned'}, 'patchcore': {'top_p': 0.03, 'preselect_m': 3, 'radius': 1, 'alpha': 0.5, 'min_cut': 0.2, 'singleton_weight': 0.1, 'component_min_area': 2}, 'calib': {'k': 3, 'method': 'robust', 'gaussian_k': 2.5, 'robust_k': 2.0, 'percentile': 97}, 'infer': {'event_rule': 'median', 'use_two_stage_vlm': False}, 'superglue': {'resize_long_side': 640, 'weights': 'indoor', 'max_keypoints': 1024, 'keypoint_threshold': 0.003, 'match_threshold': 0.2, 'sinkhorn_iterations': 20, 'min_matches': 10, 'min_inliers': 15, 'min_inlier_ratio': 0.2, 'max_reproj_error': 5.0, 'valid_patch_thr': 1.0, 'mask_erode_kernel': 3, 'mask_erode_iter': 1}}",815.566,0.8096137304445997,0.8303174603174602,0.7435706358014904,0.9547297297297297,4,"[0.8303174603174602, 0.8096137304445997, 0.7435706358014904, 0.9547297297297297]","{'patchcore.top_p': 0.03, 'patchcore.alpha': 0.5, 'calib.robust_k': 2.0, 'patchcore.min_cut': 0.2, 'patchcore.singleton_weight': 0.1}","['/home/choisuhyun/scene_ad_for_patrol_robot/sentrynexcontrol/vision_server/tune_runs/stage1_coarse/0009__calib_robust_k=2.0__patchcore_alpha=0.5__patchcore_min_cut=0.2__patchcore_singleton_weight=0.1__patchcore_top_p=0.03/00/offline_eval_results.json', '/home/choisuhyun/scene_ad_for_patrol_robot/sentrynexcontrol/vision_server/tune_runs/stage1_coarse/0009__calib_robust_k=2.0__patchcore_alpha=0.5__patchcore_min_cut=0.2__patchcore_singleton_weight=0.1__patchcore_top_p=0.03/06/offline_eval_results.json', '/home/choisuhyun/scene_ad_for_patrol_robot/sentrynexcontrol/vision_server/tune_runs/stage1_coarse/0009__calib_robust_k=2.0__patchcore_alpha=0.5__patchcore_min_cut=0.2__patchcore_singleton_weight=0.1__patchcore_top_p=0.03/07/offline_eval_results.json', '/home/choisuhyun/scene_ad_for_patrol_robot/sentrynexcontrol/vision_server/tune_runs/stage1_coarse/0009__calib_robust_k=2.0__patchcore_alpha=0.5__patchcore_min_cut=0.2__patchcore_singleton_weight=0.1__patchcore_top_p=0.03/08/offline_eval_results.json']",0,/home/choisuhyun/scene_ad_for_patrol_robot/sentrynexcontrol/vision_server/tune_runs/stage1_coarse/0009__calib_robust_k=2.0__patchcore_alpha=0.5__patchcore_min_cut=0.2__patchcore_singleton_weight=0.1__patchcore_top_p=0.03/stderr.txt,/home/choisuhyun/scene_ad_for_patrol_robot/sentrynexcontrol/vision_server/tune_runs/stage1_coarse/0009__calib_robust_k=2.0__patchcore_alpha=0.5__patchcore_min_cut=0.2__patchcore_singleton_weight=0.1__patchcore_top_p=0.03/stdout.txt,9,0009__calib_robust_k=2.0__patchcore_alpha=0.5__patchcore_min_cut=0.2__patchcore_singleton_weight=0.1__patchcore_top_p=0.03,True
"{'embed': {'model_name': 'dinov2_vits14', 'img_size': 560, 'global_mode': 'patch_mean'}, 'repr': {'repr_mode': 'global_patch_with_aligned'}, 'patchcore': {'top_p': 0.03, 'preselect_m': 3, 'radius': 1, 'alpha': 0.5, 'min_cut': 0.2, 'singleton_weight': 0.25, 'component_min_area': 2}, 'calib': {'k': 3, 'method': 'robust', 'gaussian_k': 2.5, 'robust_k': 2.0, 'percentile': 97}, 'infer': {'event_rule': 'median', 'use_two_stage_vlm': False}, 'superglue': {'resize_long_side': 640, 'weights': 'indoor', 'max_keypoints': 1024, 'keypoint_threshold': 0.003, 'match_threshold': 0.2, 'sinkhorn_iterations': 20, 'min_matches': 10, 'min_inliers': 15, 'min_inlier_ratio': 0.2, 'max_reproj_error': 5.0, 'valid_patch_thr': 1.0, 'mask_erode_kernel': 3, 'mask_erode_iter': 1}}",810.149,0.8096137304445997,0.8303174603174602,0.7435706358014904,0.9547297297297297,4,"[0.8303174603174602, 0.8096137304445997, 0.7435706358014904, 0.9547297297297297]","{'patchcore.top_p': 0.03, 'patchcore.alpha': 0.5, 'calib.robust_k': 2.0, 'patchcore.min_cut': 0.2, 'patchcore.singleton_weight': 0.25}","['/home/choisuhyun/scene_ad_for_patrol_robot/sentrynexcontrol/vision_server/tune_runs/stage1_coarse/0010__calib_robust_k=2.0__patchcore_alpha=0.5__patchcore_min_cut=0.2__patchcore_singleton_weight=0.25__patchcore_top_p=0.03/00/offline_eval_results.json', '/home/choisuhyun/scene_ad_for_patrol_robot/sentrynexcontrol/vision_server/tune_runs/stage1_coarse/0010__calib_robust_k=2.0__patchcore_alpha=0.5__patchcore_min_cut=0.2__patchcore_singleton_weight=0.25__patchcore_top_p=0.03/06/offline_eval_results.json', '/home/choisuhyun/scene_ad_for_patrol_robot/sentrynexcontrol/vision_server/tune_runs/stage1_coarse/0010__calib_robust_k=2.0__patchcore_alpha=0.5__patchcore_min_cut=0.2__patchcore_singleton_weight=0.25__patchcore_top_p=0.03/07/offline_eval_results.json', '/home/choisuhyun/scene_ad_for_patrol_robot/sentrynexcontrol/vision_server/tune_runs/stage1_coarse/0010__calib_robust_k=2.0__patchcore_alpha=0.5__patchcore_min_cut=0.2__patchcore_singleton_weight=0.25__patchcore_top_p=0.03/08/offline_eval_results.json']",0,/home/choisuhyun/scene_ad_for_patrol_robot/sentrynexcontrol/vision_server/tune_runs/stage1_coarse/0010__calib_robust_k=2.0__patchcore_alpha=0.5__patchcore_min_cut=0.2__patchcore_singleton_weight=0.25__patchcore_top_p=0.03/stderr.txt,/home/choisuhyun/scene_ad_for_patrol_robot/sentrynexcontrol/vision_server/tune_runs/stage1_coarse/0010__calib_robust_k=2.0__patchcore_alpha=0.5__patchcore_min_cut=0.2__patchcore_singleton_weight=0.25__patchcore_top_p=0.03/stdout.txt,10,0010__calib_robust_k=2.0__patchcore_alpha=0.5__patchcore_min_cut=0.2__patchcore_singleton_weight=0.25__patchcore_top_p=0.03,True
"{'embed': {'model_name': 'dinov2_vits14', 'img_size': 560, 'global_mode': 'patch_mean'}, 'repr': {'repr_mode': 'global_patch_with_aligned'}, 'patchcore': {'top_p': 0.03, 'preselect_m': 3, 'radius': 1, 'alpha': 0.5, 'min_cut': 0.25, 'singleton_weight': 0.1, 'component_min_area': 2}, 'calib': {'k': 3, 'method': 'robust', 'gaussian_k': 2.5, 'robust_k': 2.0, 'percentile': 97}, 'infer': {'event_rule': 'median', 'use_two_stage_vlm': False}, 'superglue': {'resize_long_side': 640, 'weights': 'indoor', 'max_keypoints': 1024, 'keypoint_threshold': 0.003, 'match_threshold': 0.2, 'sinkhorn_iterations': 20, 'min_matches': 10, 'min_inliers': 15, 'min_inlier_ratio': 0.2, 'max_reproj_error': 5.0, 'valid_patch_thr': 1.0, 'mask_erode_kernel': 3, 'mask_erode_iter': 1}}",875.471,0.8832858448470513,0.8865113871635611,0.8314463019250253,0.9547297297297297,4,"[0.8865113871635611, 0.8832858448470513, 0.8314463019250253, 0.9547297297297297]","{'patchcore.top_p': 0.03, 'patchcore.alpha': 0.5, 'calib.robust_k': 2.0, 'patchcore.min_cut': 0.25, 'patchcore.singleton_weight': 0.1}",multiple_files,0,/home/choisuhyun/scene_ad_for_patrol_robot/sentrynexcontrol/vision_server/tune_runs/stage1_coarse/0011__calib_robust_k=2.0__patchcore_alpha=0.5__patchcore_min_cut=0.25__patchcore_singleton_weight=0.1__patchcore_top_p=0.03/stderr.txt,/home/choisuhyun/scene_ad_for_patrol_robot/sentrynexcontrol/vision_server/tune_runs/stage1_coarse/0011__calib_robust_k=2.0__patchcore_alpha=0.5__patchcore_min_cut=0.25__patchcore_singleton_weight=0.1__patchcore_top_p=0.03/stdout.txt,11,0011__calib_robust_k=2.0__patchcore_alpha=0.5__patchcore_min_cut=0.25__patchcore_singleton_weight=0.1__patchcore_top_p=0.03,True
"{'embed': {'model_name': 'dinov2_vits14', 'img_size': 560, 'global_mode': 'patch_mean'}, 'repr': {'repr_mode': 'global_patch_with_aligned'}, 'patchcore': {'top_p': 0.03, 'preselect_m': 3, 'radius': 1, 'alpha': 0.5, 'min_cut': 0.25, 'singleton_weight': 0.25, 'component_min_area': 2}, 'calib': {'k': 3, 'method': 'robust', 'gaussian_k': 2.5, 'robust_k': 2.0, 'percentile': 97}, 'infer': {'event_rule': 'median', 'use_two_stage_vlm': False}, 'superglue': {'resize_long_side': 640, 'weights': 'indoor', 'max_keypoints': 1024, 'keypoint_threshold': 0.003, 'match_threshold': 0.2, 'sinkhorn_iterations': 20, 'min_matches': 10, 'min_inliers': 15, 'min_inlier_ratio': 0.2, 'max_reproj_error': 5.0, 'valid_patch_thr': 1.0, 'mask_erode_kernel': 3, 'mask_erode_iter': 1}}",883.645,0.8832858448470513,0.8865113871635611,0.8314463019250253,0.9547297297297297,4,"[0.8865113871635611, 0.8832858448470513, 0.8314463019250253, 0.9547297297297297]","{'patchcore.top_p': 0.03, 'patchcore.alpha': 0.5, 'calib.robust_k': 2.0, 'patchcore.min_cut': 0.25, 'patchcore.singleton_weight': 0.25}",multiple_files,0,/home/choisuhyun/scene_ad_for_patrol_robot/sentrynexcontrol/vision_server/tune_runs/stage1_coarse/0012__calib_robust_k=2.0__patchcore_alpha=0.5__patchcore_min_cut=0.25__patchcore_singleton_weight=0.25__patchcore_top_p=0.03/stderr.txt,/home/choisuhyun/scene_ad_for_patrol_robot/sentrynexcontrol/vision_server/tune_runs/stage1_coarse/0012__calib_robust_k=2.0__patchcore_alpha=0.5__patchcore_min_cut=0.25__patchcore_singleton_weight=0.25__patchcore_top_p=0.03/stdout.txt,12,0012__calib_robust_k=2.0__patchcore_alpha=0.5__patchcore_min_cut=0.25__patchcore_singleton_weight=0.25__patchcore_top_p=0.03,True
